title,topicID
Ableitung,2
Abschluss,3
Abteilung,4
Action,5
Addition,6
Administration,7
Agenda,8
All,9
Alt,10
Alter,11
Analysieren,12
Angebot,13
Anspruch,14
Anteil,15
Antwort,16
Antworten,17
Anwendung,18
Anzahl,19
Arten,20
Artikel,21
As,22
Aufbau,23
Aufgabenstellung,24
Aufmerksamkeit,25
Aufteilung,26
Auswahl,27
Auswertung,28
Bank,29
Bar,30
Bearbeiten,31
Bearbeitungszeit,32
Bedeutung,33
Bedingung,34
Begriff,35
Beispiel,36
Berechnung,37
Bereich,38
Beschreibung,39
Betrag,40
Betragen,41
Beurteilung,42
Bezeichnung,43
Bild,44
Bilden,45
Bildung,46
Brand,47
Break,48
Business,49
Capacity,50
Center,51
Dank,52
Datei,53
Datum,54
Deal,55
Deckungsbeitrag,56
Design,57
Deutsch,58
Diagramm,59
Digitale,60
Direkte,61
Distribution,62
Dokument,63
Druck,64
Durchschnittliche,65
Edition,66
Einfluss,67
Einkommen,68
Einleitung,69
Element,70
Ende,71
Engagement,72
Entsprechende,73
Entwickeln,74
Erfolg,75
Erfolgen,76
Ermitteln,77
Ermittlung,78
Erstellung,79
Event,80
Fach,81
Faktor,82
Fallen,83
Feedback,84
Firma,85
Formel,86
Formen,87
Forschung,88
Funktion,89
Gas,90
Geeignete,91
Gemeinkosten,92
Gen,93
Generation,94
Geschwindigkeit,95
Gesellschaft,96
Gestaltung,97
Gleichung,98
Gliederung,99
Gründen,100
Grund,101
Gut,102
Gute,103
Handbuch,104
Handeln,105
Herausforderung,106
Herstellung,107
Hilfsmittel,108
Hintergrund,109
Hinweis,110
Info,111
Information,112
Innovation,113
Input,114
Instandhaltung,115
Institut,116
Integration,117
Internationale,118
Internet,119
Interpretation,120
Investition,121
Jahr,122
Job,123
Kapitel,124
Klausur,125
Kommunikation,126
Kompetenz,127
Konkrete,128
Kontakt,129
Konzept,130
Kraft,131
Kredit,132
Kurs,133
Kurze,134
Länge,135
Labor,136
Land,137
Last,138
Laut,139
Leistung,140
Leistungsnachweis,141
Level,142
Link,143
List,144
Liste,145
Literatur,146
Logistik,147
Luft,148
Mail,149
Manager,150
Marke,151
Marketing,152
Maschinenbau,153
Material,154
Matrix,155
Maximale,156
Medium,157
Meeting,158
Messung,159
Methode,160
Model,161
Modell,162
Modul,163
Monat,164
Motivation,165
My,166
Nächste,167
Nachfolgende,168
Nachteil,169
Name,170
Nikolaus,171
Not,172
Note,173
Notwendige,174
Nutzung,175
Offene,176
Optimale,177
Optimierung,178
Option,179
Organisation,180
Original,181
Ort,182
Output,183
Overall,184
Partner,185
Periode,186
Person,187
Personalaufwand,188
Plan,189
Planung,190
Plattform,191
Plus,192
Portfolio,193
Post,194
Praktische,195
Praxis,196
Preis,197
Problem,198
Produkt,199
Produktentwicklung,200
Produktion,201
Professor,202
Profil,203
Profit,204
Programm,205
Programmierung,206
Projekt,207
Protokoll,208
Prozeß,209
Prozent,210
Prozess,211
Punkt,212
Punkten,213
Quantitative,214
Rahmenbedingung,215
Raum,216
Rechnung,217
Recht,218
Rechte,219
Regelung,220
Relevante,221
Relevanz,222
Report,223
Research,224
Richtige,225
Richtung,226
Risiko,227
Rolle,228
Satz,229
Schutz,230
See,231
Seminar,232
Session,233
Set,234
Show,235
Sicherheit,236
Sicht,237
Sog,238
Speed,239
Start,240
Statement,241
Statistik,242
Step,243
Steuerung,244
Stock,245
Strom,246
Struktur,247
Student,248
Studiengang,249
Studium,250
Suche,251
Suchen,252
Support,253
System,254
Tag,255
Task,256
Team,257
Technik,258
Technologie,259
Teil,260
Teilen,261
Telefon,262
Temperatur,263
Test,264
Text,265
Thema,266
Titel,267
Transformation,268
Transport,269
Typ,270
Uhr,271
Umgang,272
Umsatz,273
Umwelt,274
Untersuchung,275
Veranstaltung,276
Verantwortung,277
Verbindlichkeit,278
Verbindung,279
Vergleichen,280
Verlag,281
Verlustrechnung,282
Version,283
Verteilung,284
Vertrauen,285
Vertriebskosten,286
Video,287
Vision,288
Vorbereitung,289
Vorstellung,290
Wahrscheinlichkeit,291
Weiterentwicklung,292
Werbung,293
Werten,294
Wichtigste,295
Wiederholung,296
Wirtschaft,297
Zahl,298
Ziel,299
Zielsetzung,300
Zukunft,301
Zusammenarbeit,302
Zusammenfassung,303
Zusammenhang,304
Zweck,305
