title,profID
Alter,16424
Alt,16424
Internationale,16414
Note,16414
Task,16414
Business,16414
Bereich,16413
Erstellung,16413
Profil,16413
Ziel,16375
Entwickeln,16375
Bildung,16375
Fazit,16375
Praxis,16375
Bereich,16372
Konkrete,16372
Veranstaltung,16372
Kompetenz,16372
Programm,16360
Werten,16360
Wert,16360
Zahl,16360
Programm,16332
Werten,16332
Leistungsnachweis,16272
Programmierung,16272
Rechte,16133
Fallen,16133
Recht,16133
F«œllen,16133
Arten,16133
Problem,16128
Team,16128
Internationale,16128
Relevante,16128
Modell,15925
Vertrauen,15925
Dokument,15925
Analysieren,15925
Preis,15925
Note,15908
Model,15908
See,15908
Set,15908
Video,15908
Internationale,15847
Note,15847
Suche,15847
Suchen,15847
Business,15847
Internationale,15846
Note,15846
Suche,15846
Suchen,15846
Business,15846
Herausforderung,15844
Level,15842
Vision,15842
Note,15842
Manager,15842
Team,15842
Projekt,15834
Bereich,15834
Transformation,15834
Direkte,15804
System,15804
Bereich,15804
Geeignete,15804
Zukunft,15785
Erfolgen,15785
Bereich,15785
Konkrete,15785
Antworten,15785
Student,15510
Abschluss,15510
Verantwortung,15510
Video,15303
Offene,15303
Start,15303
Note,15303
My,15303
Labor,15295
Produktion,15295
Sicherheit,15295
Schutz,15295
Bild,15295
Seminar,15112
Bedeutung,15112
Thema,15112
Einleitung,15112
Hilfsmittel,15112
System,14716
Material,14716
Team,14716
Modul,14677
Maschinenbau,14677
Messung,14677
Bereich,14677
Internationale,14550
Note,14550
Bank,14550
Thema,14550
Integration,14550
Liste,14454
System,14454
List,14454
Note,14454
Internationale,14441
Regelung,14426
Verbindlichkeit,14426
Abschluss,14426
Aufteilung,14426
Beurteilung,14426
Ende,14418
Bild,14418
Bilden,14418
Datei,14418
Note,14416
Internationale,14416
Bank,14416
Periode,14416
Center,14416
Note,14409
Marke,14409
My,14409
Suche,14409
Test,14409
Seminar,14356
Produkt,14356
Dank,14356
Team,14356
Herstellung,14173
Capacity,13940
Periode,13940
Stock,13940
Level,13940
Problem,13805
Team,13805
Internationale,13805
Relevante,13805
Internationale,13767
Portfolio,13767
Feedback,13767
Gut,13767
Administration,13767
Ende,13759
Bild,13759
Bilden,13759
Note,13759
Ende,13686
Bild,13686
Bilden,13686
Datei,13686
Note,13657
Marke,13657
Meeting,13657
Ende,13657
Last,13657
Kraft,13609
Geschwindigkeit,13609
Diagramm,13609
Werten,13609
Bereich,13609
Maschinenbau,13603
Auswertung,13603
Messung,13603
Modul,13603
Hinweis,13603
Speed,13503
Vertrauen,13503
Dokument,13503
Analysieren,13503
System,13503
Labor,13487
Motivation,13487
Erstellung,13487
Kommunikation,13487
Bereich,13487
Begriff,13441
Erfolgen,13441
Produkt,13441
Erfolg,13441
Relevante,13373
Step,13373
Design,13373
Version,13085
Bar,13085
Team,13085
My,13085
All,13085
Produkt,13009
Rechte,13009
Recht,13009
Arten,13009
Internationale,12916
Note,12916
Partner,12916
Preis,12916
Relevante,12916
Dokument,12904
Vertrauen,12904
Analysieren,12904
Jahr,12904
Produkt,12904
Internationale,12857
Aufgabenstellung,12840
Weiterentwicklung,12840
Leistungsnachweis,12840
Geschwindigkeit,12840
Geschwindigkeit,12596
Aufgabenstellung,12435
Leistungsnachweis,12435
Internationale,12425
Internationale,12405
Land,12405
Ort,12405
Organisation,12405
Kontakt,12405
Umgang,12391
Feedback,12391
Handbuch,12391
Zusammenarbeit,12391
Ziel,12391
Labor,12328
Produktion,12328
Sicherheit,12328
Schutz,12328
Null,12328
Labor,12324
Zweck,12324
Direkte,12324
Genannte,12324
Maschinenbau,12324
Berechnung,12313
Werten,12313
Bereich,12313
Untersuchung,12313
Regelung,12308
Aufteilung,12308
Beurteilung,12308
Hintergrund,12308
Transformation,12302
Labor,12286
Zweck,12286
Direkte,12286
Genannte,12286
Maschinenbau,12286
Umwelt,12272
Teilen,12272
Luft,12272
Maximale,12272
Ort,12272
Digitale,12267
Note,12267
Brand,12267
Video,12267
Offene,12267
Version,12247
Maschinenbau,12247
System,12247
Formen,12240
Werten,12240
Beispiel,12240
Modell,12240
Digitale,12240
Labor,12073
Artikel,12073
Formen,12073
Messung,12073
Auftrag,12073
Ende,12024
Bild,12024
Bilden,12024
Datei,12024
Innovation,11934
Note,11934
Suche,11934
Nikolaus,11912
Funktion,11912
Ableitung,11912
Werten,11894
Statistik,11894
Verteilung,11894
Anzahl,11894
Klausur,11894
Research,11883
Optimale,11883
Notwendige,11883
Direkte,11883
Punkten,11883
Alter,11853
Alt,11853
Internationale,11842
Note,11842
Zusammenhang,11842
Video,11829
Offene,11829
Start,11829
Note,11829
Umgang,11800
Feedback,11800
Handbuch,11800
Zusammenarbeit,11800
Ziel,11800
Umgang,11784
Feedback,11784
Handbuch,11784
Zusammenarbeit,11784
Ziel,11784
Geschwindigkeit,11780
Kraft,11780
Richtung,11780
Weg,11780
Einfluss,11780
Umgang,11779
Feedback,11779
Handbuch,11779
Zusammenarbeit,11779
Ziel,11779
Umgang,11777
Feedback,11777
Handbuch,11777
Zusammenarbeit,11777
Ziel,11777
Umgang,11776
Feedback,11776
Handbuch,11776
Zusammenarbeit,11776
Ziel,11776
Umgang,11775
Feedback,11775
Handbuch,11775
Zusammenarbeit,11775
Ziel,11775
Umgang,11774
Feedback,11774
Handbuch,11774
Zusammenarbeit,11774
Ziel,11774
Umgang,11773
Feedback,11773
Handbuch,11773
Zusammenarbeit,11773
Ziel,11773
Umgang,11771
Feedback,11771
Handbuch,11771
Zusammenarbeit,11771
Ziel,11771
Bereich,11769
Mail,11769
Studium,11769
Gut,11769
Internationale,11758
Note,11758
Thema,11758
Suche,11758
Brand,11758
Statement,11755
Profit,11755
Agenda,11755
Note,11755
Nachfolgende,11750
System,11750
Arten,11750
Fach,11750
Bearbeitungszeit,11750
Capacity,11727
Level,11727
Transport,11727
Distribution,11727
Ende,11620
Bild,11620
Bilden,11620
Datei,11620
System,11262
Modul,11262
Maschinenbau,11262
Fach,11262
Bearbeitungszeit,11262
Berechnung,11087
Ermitteln,11087
Gleichung,11087
Integration,11087
Transformation,11087
Rechte,11016
Kurze,11016
Recht,11016
Sicht,11016
Beitrag,11016
Anzahl,10876
Statistik,10876
Quantitative,10876
Verteilung,10876
Durchschnittliche,10876
Bereich,10825
Mail,10825
Studium,10825
Gut,10825
Ende,10780
Bild,10780
Bilden,10780
Datei,10780
Ende,10768
Bild,10768
Bilden,10768
Datei,10768
Labor,10647
Studiengang,10647
Team,10647
Version,10647
Literatur,10647
Ende,10613
Bild,10613
Bilden,10613
Datei,10613
Administration,10566
Administration,10564
Monat,10549
Teilen,10549
Teil,10549
Ermitteln,10549
Speed,10521
Vertrauen,10521
Dokument,10521
Analysieren,10521
System,10521
Bereich,10489
Deutsch,10489
Ende,10465
Bild,10465
Bilden,10465
Datei,10465
Suche,10394
System,10394
Report,10394
Internationale,10394
Modul,10394
Labor,10393
Programmierung,10393
Zielsetzung,10393
Technik,10393
Liste,10393
Video,10391
Offene,10391
Start,10391
Note,10391
My,10391
System,10379
Programm,10379
Bearbeitungszeit,10379
Portfolio,10340
Anteil,10340
Risiko,10340
Berechnung,10340
Werten,10340
Umgang,10337
Feedback,10337
Handbuch,10337
Zusammenarbeit,10337
Ziel,10337
Note,10334
Feedback,10334
Job,10334
Not,10334
As,10334
Speed,10332
Vertrauen,10332
Dokument,10332
Analysieren,10332
System,10332
Umgang,10331
Feedback,10331
Handbuch,10331
Zusammenarbeit,10331
Ziel,10331
Aufmerksamkeit,10298
Modell,10298
Handeln,10298
Mensch,10298
Tun,10298
Ziel,10271
Entwickeln,10271
Bildung,10271
Fazit,10271
Praxis,10271
Punkten,10253
Preis,10253
Funktion,10253
Bereich,10253
Bedingung,10253
Model,10229
Event,10229
Task,10229
Note,10229
Punkten,10145
Preis,10145
Funktion,10145
Bereich,10145
Bedingung,10145
Speed,10103
Vertrauen,10103
Dokument,10103
Analysieren,10103
System,10103
Umsatz,10101
Angebot,10101
Markt,10101
Produkt,10101
Punkten,10092
Preis,10092
Funktion,10092
Bereich,10092
Bedingung,10092
Punkten,10088
Preis,10088
Funktion,10088
Bereich,10088
Bedingung,10088
Internet,10076
Video,10076
Werbung,10076
Digitale,10076
Gesellschaft,10076
Note,10074
Internationale,10074
Suche,10074
Suchen,10074
Not,10074
Bereich,10073
Verbindung,10073
Bearbeiten,10073
Wirtschaft,10073
Studium,10051
Abschluss,10051
Wichtigste,10051
Internationale,10051
Programmierung,10051
Punkten,10050
Preis,10050
Funktion,10050
Bereich,10050
Bedingung,10050
Punkten,10041
Preis,10041
Funktion,10041
Bereich,10041
Bedingung,10041
Umgang,10036
Feedback,10036
Handbuch,10036
Zusammenarbeit,10036
Ziel,10036
Punkten,10025
Preis,10025
Funktion,10025
Bereich,10025
Bedingung,10025
System,10021
Tag,10021
Labor,10021
Wahrscheinlichkeit,9992
Prozent,9992
Statistik,9992
Durchschnittliche,9992
Umgang,9986
Feedback,9986
Handbuch,9986
Zusammenarbeit,9986
Ziel,9986
Punkten,9979
Preis,9979
Funktion,9979
Bereich,9979
Bedingung,9979
Punkten,9960
Preis,9960
Funktion,9960
Bereich,9960
Bedingung,9960
Punkten,9953
Preis,9953
Funktion,9953
Bereich,9953
Bedingung,9953
Punkten,9950
Preis,9950
Funktion,9950
Bereich,9950
Bedingung,9950
Punkten,9949
Preis,9949
Funktion,9949
Bereich,9949
Bedingung,9949
Punkten,9947
Preis,9947
Funktion,9947
Bereich,9947
Bedingung,9947
Punkten,9944
Preis,9944
Funktion,9944
Bereich,9944
Bedingung,9944
Punkten,9942
Preis,9942
Funktion,9942
Bereich,9942
Bedingung,9942
Punkten,9935
Preis,9935
Funktion,9935
Bereich,9935
Bedingung,9935
Punkten,9927
Preis,9927
Funktion,9927
Bereich,9927
Bedingung,9927
Direkte,9903
Temperatur,9903
Auswertung,9903
Labor,9903
Punkten,9896
Preis,9896
Funktion,9896
Bereich,9896
Bedingung,9896
Bereich,9885
Verbindung,9885
Bearbeiten,9885
Wirtschaft,9885
Seminar,9883
Offene,9883
Erfolgen,9883
Aufgabenstellung,9883
Bereich,9883
Planung,9872
Deckungsbeitrag,9872
Problem,9872
Speed,9871
Vertrauen,9871
Dokument,9871
Analysieren,9871
System,9871
Punkten,9867
Preis,9867
Funktion,9867
Bereich,9867
Bedingung,9867
Version,9866
Bar,9866
Team,9866
Bereich,9866
Punkten,9860
Preis,9860
Funktion,9860
Bereich,9860
Bedingung,9860
My,9833
Design,9833
Student,9833
Gen,9830
Struktur,9830
Prinzip,9830
Herstellung,9830
Labor,9829
Material,9829
Teilen,9829
Anwendung,9829
Bedarf,9829
Internationale,9827
Note,9827
Zusammenhang,9827
Verlustrechnung,9820
Vergleichen,9820
Statement,9820
Konkrete,9820
Speed,9799
Vertrauen,9799
Dokument,9799
Analysieren,9799
System,9799
Umgang,9781
Feedback,9781
Handbuch,9781
Zusammenarbeit,9781
Ziel,9781
Bereich,9778
Verbindung,9778
Bearbeiten,9778
Wirtschaft,9778
Internationale,9776
Note,9776
Veranstaltung,9775
Bereich,9775
Messung,9775
Labor,9775
Anwendung,9771
Beispiel,9771
Kombination,9771
Direkte,9771
Geschwindigkeit,9769
Kraft,9769
Diagramm,9769
Gleichung,9769
Zeit,9769
Relevante,9768
Brand,9768
System,9768
Digitale,9768
Suche,9726
Suchen,9726
Formen,9726
Liste,9726
Manager,9726
Punkten,9518
Preis,9518
Funktion,9518
Bereich,9518
Bedingung,9518
Punkten,9509
Preis,9509
Funktion,9509
Bereich,9509
Bedingung,9509
Deal,9504
Level,9504
System,9504
Integration,9504
Information,9444
Programm,9444
Punkten,9441
Preis,9441
Funktion,9441
Bereich,9441
Bedingung,9441
Deal,9424
Level,9424
System,9424
Integration,9424
Deal,9405
Level,9405
System,9405
Integration,9405
Punkten,9376
Preis,9376
Funktion,9376
Bereich,9376
Bedingung,9376
Punkten,9365
Preis,9365
Funktion,9365
Bereich,9365
Bedingung,9365
Deal,9328
Level,9328
System,9328
Integration,9328
Punkten,9279
Preis,9279
Funktion,9279
Bereich,9279
Bedingung,9279
Internationale,9218
Vorstellung,9218
Business,9218
System,9212
Level,9212
Edition,9212
Business,9212
Projekt,9209
Bereich,9209
Transformation,9209
Punkten,9203
Preis,9203
Funktion,9203
Bereich,9203
Bedingung,9203
Punkten,9193
Preis,9193
Funktion,9193
Bereich,9193
Bedingung,9193
Funktion,9192
Gut,9192
Bedingung,9192
Feedback,9192
Punkten,9180
Preis,9180
Funktion,9180
Bereich,9180
Bedingung,9180
Punkten,9141
Preis,9141
Funktion,9141
Bereich,9141
Bedingung,9141
Business,9116
Uhr,9116
Raum,9116
Design,9116
Veranstaltung,9116
Punkten,9083
Preis,9083
Funktion,9083
Bereich,9083
Bedingung,9083
Punkten,9077
Preis,9077
Funktion,9077
Bereich,9077
Bedingung,9077
Punkten,9063
Preis,9063
Funktion,9063
Bereich,9063
Bedingung,9063
Punkten,9052
Preis,9052
Funktion,9052
Bereich,9052
Bedingung,9052
Punkten,9032
Preis,9032
Funktion,9032
Bereich,9032
Bedingung,9032
Punkten,9017
Preis,9017
Funktion,9017
Bereich,9017
Bedingung,9017
Punkten,8936
Preis,8936
Funktion,8936
Bereich,8936
Bedingung,8936
Punkten,8872
Preis,8872
Funktion,8872
Bereich,8872
Bedingung,8872
Punkten,8868
Preis,8868
Funktion,8868
Bereich,8868
Bedingung,8868
Punkten,8838
Preis,8838
Funktion,8838
Bereich,8838
Bedingung,8838
Punkten,8837
Preis,8837
Funktion,8837
Bereich,8837
Bedingung,8837
Punkten,8836
Preis,8836
Funktion,8836
Bereich,8836
Bedingung,8836
Punkten,8794
Preis,8794
Funktion,8794
Bereich,8794
Bedingung,8794
Punkten,8740
Preis,8740
Funktion,8740
Bereich,8740
Bedingung,8740
Punkten,8688
Preis,8688
Funktion,8688
Bereich,8688
Bedingung,8688
Punkten,8673
Preis,8673
Funktion,8673
Bereich,8673
Bedingung,8673
Punkten,8635
Preis,8635
Funktion,8635
Bereich,8635
Bedingung,8635
Titel,8627
Bild,8627
Bilden,8627
Programmierung,8627
Punkten,8610
Preis,8610
Funktion,8610
Bereich,8610
Bedingung,8610
Rechte,8604
Recht,8604
Satz,8604
Fallen,8604
Punkten,8568
Preis,8568
Funktion,8568
Bereich,8568
Bedingung,8568
Rechte,8552
Kurze,8552
Recht,8552
Sicht,8552
Beitrag,8552
Punkten,8541
Preis,8541
Funktion,8541
Bereich,8541
Bedingung,8541
Punkten,8514
Studiengang,8514
Bearbeitungszeit,8514
Hilfsmittel,8514
Punkt,8514
Internationale,8505
Portfolio,8505
Bearbeitungszeit,8504
Geschwindigkeit,8504
Raum,8449
Technik,8449
Nutzung,8449
Inhalt,8449
Sicherheit,8449
Note,8442
Marke,8442
My,8442
Suche,8442
Test,8442
Umgang,8437
Feedback,8437
Handbuch,8437
Zusammenarbeit,8437
Ziel,8437
Punkten,8406
Preis,8406
Funktion,8406
Bereich,8406
Bedingung,8406
Offene,8376
Rolle,8376
Session,8376
Internationale,8376
Punkten,8337
Preis,8337
Funktion,8337
Bereich,8337
Bedingung,8337
Internationale,8326
Marketing,8326
Brand,8326
Note,8326
Teilen,8325
Kapitel,8325
Teil,8325
Modul,8249
Strom,8249
Grund,8249
Gr«¨nden,8249
Richtige,8249
Umgang,8177
Feedback,8177
Handbuch,8177
Zusammenarbeit,8177
Ziel,8177
Punkten,8165
Preis,8165
Funktion,8165
Bereich,8165
Bedingung,8165
Praxis,8157
Teilen,8157
Optimierung,8157
Proze«?,8157
Zielsetzung,8157
Punkten,8144
Preis,8144
Funktion,8144
Bereich,8144
Bedingung,8144
Punkten,8129
Preis,8129
Funktion,8129
Bereich,8129
Bedingung,8129
Seminar,8124
Bereich,8124
Aufbau,8124
Messung,8124
Internationale,8097
Rechte,8096
Fallen,8096
Recht,8096
F«œllen,8096
Arten,8096
Punkten,8095
Preis,8095
Funktion,8095
Bereich,8095
Bedingung,8095
Punkten,8078
Preis,8078
Funktion,8078
Bereich,8078
Bedingung,8078
Punkten,8067
Preis,8067
Funktion,8067
Bereich,8067
Bedingung,8067
Punkten,8064
Preis,8064
Funktion,8064
Bereich,8064
Bedingung,8064
Punkten,8029
Preis,8029
Funktion,8029
Bereich,8029
Bedingung,8029
Ende,8022
Bild,8022
Bilden,8022
Datei,8022
Produkt,8012
Werbung,8012
Kapitel,8012
Klausur,8012
Note,7968
Marke,7968
My,7968
Suche,7968
Test,7968
Umwelt,7964
Teilen,7964
Rechte,7964
Recht,7964
Punkten,7953
Preis,7953
Funktion,7953
Bereich,7953
Bedingung,7953
Umgang,7946
Feedback,7946
Handbuch,7946
Zusammenarbeit,7946
Ziel,7946
Bildung,7907
Handbuch,7907
Praxis,7907
Training,7907
Relevanz,7907
Bereich,7892
L«œnge,7892
Internationale,7888
Session,7888
Note,7888
Seminar,7886
Offene,7886
Erfolgen,7886
Aufgabenstellung,7886
Bereich,7886
Preis,7885
Antworten,7885
Produkt,7885
Antwort,7885
Internationale,7873
Innovation,7873
Digitale,7873
Nachteil,7873
Partner,7861
Professor,7861
Innovation,7861
Internationale,7861
Option,7843
Name,7843
Umgang,7843
Feedback,7843
Handbuch,7843
Statistik,7840
System,7808
Proze«?,7808
Prozess,7808
Auswertung,7808
Punkten,7791
Preis,7791
Funktion,7791
Bereich,7791
Bedingung,7791
Internationale,7790
Element,7696
Kommunikation,7696
Gesellschaft,7696
Geschwindigkeit,7668
Kraft,7668
Richtung,7668
Punkten,7668
Studiengang,7668
Session,7624
Internationale,7624
Agenda,7624
Distribution,7624
Marketing,7624
Aufmerksamkeit,7606
Dank,7606
Marketing,7606
Werbung,7606
Einfluss,7606
Vorbereitung,7567
Klausur,7567
Transformation,7567
Projekt,7556
Kommunikation,7556
Veranstaltung,7556
Raum,7556
Internationale,7551
Problem,7551
Business,7551
Information,7551
System,7540
Werten,7540
Programm,7540
Programmierung,7540
Aufmerksamkeit,7538
Dank,7538
Umgang,7538
Feedback,7538
Handbuch,7538
Punkten,7477
Preis,7477
Funktion,7477
Bereich,7477
Bedingung,7477
Beschreibung,7437
Arten,7437
Kraft,7437
Strom,7437
Geschwindigkeit,7437
Produkt,7417
Rechte,7417
Recht,7417
Arten,7417
Wahrscheinlichkeit,7310
Verteilung,7310
Werten,7310
Bereich,7310
Wert,7310
Rechte,7229
Fallen,7229
Recht,7229
F«œllen,7229
Arten,7229
Punkten,7147
Preis,7147
Funktion,7147
Bereich,7147
Bedingung,7147
Rechte,7104
Kurze,7104
Recht,7104
Sicht,7104
Beitrag,7104
Internationale,7089
Portfolio,7089
Produkt,7083
Rechte,7083
Recht,7083
Arten,7083
Version,7033
Note,7033
Anwendung,7033
Teilen,7033
Beispiel,7033
Punkten,7000
Studiengang,7000
Bearbeitungszeit,7000
Hilfsmittel,7000
Punkt,7000
Plus,6968
Overall,6968
Interpretation,6968
Problem,6968
Sog,6945
Kapitel,6945
Gr«¨nden,6945
Grund,6945
Report,6945
Punkten,6931
Preis,6931
Funktion,6931
Bereich,6931
Bedingung,6931
Note,6697
My,6697
Last,6697
Thema,6697
Marke,6697
Note,6631
Offene,6631
Profit,6631
Not,6631
System,6631
Projekt,6623
Formen,6623
System,6623
Option,6623
Ende,6606
Bild,6606
Bilden,6606
Datei,6606
Projekt,6591
Kommunikation,6591
Veranstaltung,6591
Raum,6591
Geschwindigkeit,6584
Kraft,6584
Diagramm,6584
Gleichung,6584
Zeit,6584
Punkten,6567
Struktur,6567
Arten,6567
Kurze,6567
Rechte,6567
Bereich,6531
Team,6531
Abteilung,6531
Maschinenbau,6529
Auswertung,6529
Messung,6529
Modul,6529
Hinweis,6529
Programm,6526
Original,6526
Model,6526
Problem,6526
Struktur,6516
Formen,6516
Werten,6516
Funktion,6516
Meeting,6509
Sicherheit,6500
Internet,6500
Aufbau,6500
Inhalt,6500
Seminar,6494
Offene,6494
Erfolgen,6494
Aufgabenstellung,6494
Bereich,6494
Veranstaltung,6487
Bereich,6487
Messung,6487
Labor,6487
Innovation,6373
Note,6373
Suche,6373
Suchen,6373
System,6373
Rechte,6368
Kurze,6368
Recht,6368
Sicht,6368
Beitrag,6368
Steuerung,6367
Programmierung,6367
Kapitel,6367
Beispiel,6367
Kredit,6333
Personalaufwand,6333
Betragen,6333
Internationale,6332
Projekt,6299
Kommunikation,6299
Veranstaltung,6299
Raum,6299
Aufgabenstellung,6243
Funktion,6183
Gut,6183
Bedingung,6183
Feedback,6183
System,6149
Note,6149
Task,6149
Modul,6087
Maschinenbau,6087
Technik,6087
Version,6087
Beispiel,6087
Projekt,5972
Kommunikation,5972
Veranstaltung,5972
Raum,5972
Werten,5948
Research,5948
Punkten,5948
Session,5891
Generation,5891
Aufmerksamkeit,5891
Wichtigste,5891
Modell,5891
Druck,5890
Temperatur,5890
Geschwindigkeit,5890
Modul,5890
Kraft,5890
Studium,5855
Abschluss,5855
Wichtigste,5855
Internationale,5855
Programmierung,5855
Vertrauen,5853
Dokument,5853
Analysieren,5853
Offene,5852
Modul,5852
Strom,5852
Vertrauen,5852
Dokument,5852
Session,5806
Internationale,5806
Agenda,5806
Distribution,5806
Level,5806
Vertriebskosten,5797
Teilen,5796
Sicht,5796
Werten,5796
Teil,5796
Vergleichen,5796
Umgang,5777
Feedback,5777
Handbuch,5777
Zusammenarbeit,5777
Ziel,5777
Video,5768
Offene,5768
Labor,5768
Start,5768
Werten,5762
Research,5762
Punkten,5762
Deckungsbeitrag,5762
Planung,5762
Research,5756
Note,5756
Thema,5756
Test,5756
Action,5756
Bereich,5736
Deutsch,5736
Formen,5719
Action,5719
Input,5719
Text,5719
Post,5719
Material,5683
Optimale,5683
Transport,5683
System,5683
System,5663
Note,5663
Task,5663
Bildung,5641
Handbuch,5641
Praxis,5641
Training,5641
Relevanz,5641
Deal,5615
Level,5615
System,5615
Integration,5615
Geschwindigkeit,5552
Formel,5552
Leistung,5552
Kraft,5552
Break,5530
Werbung,5530
Addition,5530
Version,5530
Zahl,5530
Internationale,5509
Rahmenbedingung,5509
Projekt,5458
Datum,5458
Offene,5458
Produktentwicklung,5413
Herausforderung,5413
Aufgabenstellung,5413
Administration,5413
Internationale,5413
Video,5410
Offene,5410
Start,5410
Raum,5410
Durchschnittliche,5380
Praktische,5380
Vorstellung,5380
Produkt,5380
Entscheidung,5380
Nikolaus,5331
Umgang,5290
Feedback,5290
Handbuch,5290
Zusammenarbeit,5290
Ziel,5290
Material,5240
Optimale,5240
Transport,5240
System,5240
Bereich,5218
Praktische,5218
Gr«¨nden,5218
Durchschnittliche,5218
Unterschied,5218
Werten,5163
Punkten,5163
Durchschnittliche,5162
Praktische,5162
Vorstellung,5162
Produkt,5162
Entscheidung,5162
Bereich,5143
Praktische,5143
Gr«¨nden,5143
Durchschnittliche,5143
Unterschied,5143
Durchschnittliche,5135
Praktische,5135
Vorstellung,5135
Produkt,5135
Entscheidung,5135
Programmierung,5056
Programm,5056
Werten,5056
Zahl,5056
Bereich,5027
Praktische,5027
Gr«¨nden,5027
Durchschnittliche,5027
Unterschied,5027
Herstellung,4999
Verantwortung,4999
Tag,4999
Kommunikation,4999
Marke,4999
Sicherheit,4985
Schutz,4985
Labor,4985
Produktion,4985
Bild,4985
Deal,4962
Level,4962
System,4962
Integration,4962
Durchschnittliche,4947
Praktische,4947
Vorstellung,4947
Produkt,4947
Entscheidung,4947
Modul,4803
Maschinenbau,4803
Messung,4803
Bereich,4803
Logistik,4796
Preis,4796
Kredit,4796
Umsatz,4796
Maschinenbau,4793
Auswertung,4793
Messung,4793
Modul,4793
Hinweis,4793
Projekt,4742
Datum,4742
Offene,4742
Durchschnittliche,4739
Praktische,4739
Vorstellung,4739
Produkt,4739
Entscheidung,4739
Rechnung,4734
Funktion,4734
Berechnung,4734
Gut,4732
Problem,4732
Gute,4732
Funktion,4732
Bereich,4722
Praktische,4722
Gr«¨nden,4722
Durchschnittliche,4722
Unterschied,4722
Umsatz,4666
Angebot,4666
Markt,4666
Produkt,4666
Umsatz,4650
Angebot,4650
Markt,4650
Produkt,4650
Modell,4608
Vertrauen,4608
Dokument,4608
Analysieren,4608
Preis,4608
Bereich,4578
Praktische,4578
Gr«¨nden,4578
Durchschnittliche,4578
Unterschied,4578
Produkt,4557
Rechte,4557
Recht,4557
Arten,4557
Deckungsbeitrag,4523
Teilen,4523
Werten,4505
Punkten,4505
Sicherheit,4377
Schutz,4377
Labor,4377
Produktion,4377
Bild,4377
Logistik,4374
Internationale,4351
Portfolio,4351
Matrix,4322
Wiederholung,4322
Formen,4322
Faktor,4322
Beispiel,4322
Labor,4275
Produktion,4275
Sicherheit,4275
Schutz,4275
Bild,4275
Auswahl,4246
Administration,4246
Aufgabenstellung,4246
Telefon,4237
Anspruch,4237
Zusammenhang,4237
Forschung,4237
Note,4229
Model,4229
See,4229
Set,4229
Video,4229
Seminar,4208
Gliederung,4208
Werten,4208
Team,4208
Thema,4208
Verbindlichkeit,4205
Einleitung,4205
Integration,4205
Internet,4169
Video,4169
Werbung,4169
Digitale,4169
Gesellschaft,4169
Projekt,4162
Datum,4162
Offene,4162
Bereich,4146
Nikolaus,4146
Version,4145
Bar,4145
Team,4145
Nikolaus,4145
Bereich,4145
Kurs,4133
Option,4133
Vorstellung,4133
Umgang,4133
Feedback,4133
Institut,4132
Seminar,4132
Team,4132
Aufgabenstellung,4132
Investition,4131
Bearbeitungszeit,4131
Gesellschaft,4131
Betragen,4131
Logistik,4128
Preis,4128
Kredit,4128
Umsatz,4128
Geschwindigkeit,4108
Formel,4108
Leistung,4108
Formen,4108
Umsatz,4068
Aufteilung,4068
Messung,4068
Produkt,4068
Bereich,4024
Profil,4024
Deutsch,4024
Team,4024
Aufgabenstellung,4010
System,4003
Punkten,4003
Maschinenbau,4003
Punkt,4003
Bereich,3997
Mail,3997
Studium,3997
Gut,3997
Research,3934
Note,3934
Thema,3934
Test,3934
Action,3934
Thema,3913
Weiterentwicklung,3913
Administration,3913
Internationale,3913
Internationale,3908
Handbuch,3908
Produkt,3908
Auswahl,3908
Proze«?,3908
Einleitung,3857
Geeignete,3857
Internationale,3857
Zusammenfassung,3857
Verbindung,3857
Suche,3844
Suchen,3844
Show,3844
Person,3844
Umgang,3828
Feedback,3828
Handbuch,3828
Zusammenarbeit,3828
Ziel,3828
Umgang,3670
Feedback,3670
Handbuch,3670
Zusammenarbeit,3670
Ziel,3670
Antworten,3600
Maximale,3600
Hinweis,3600
Antwort,3600
Bearbeitungszeit,3600
Sicherheit,3590
Generation,3590
Bereich,3590
Kontakt,3590
Bereich,3582
Erstellung,3582
Profil,3582
Auswertung,3580
Note,3569
Internationale,3569
Gesellschaft,3569
Partner,3569
Umgang,3521
Feedback,3521
Handbuch,3521
Zusammenarbeit,3521
Ziel,3521
Step,3515
See,3515
Information,3515
Meeting,3515
Speed,3503
Vertrauen,3503
Dokument,3503
Analysieren,3503
System,3503
Integration,3495
Bearbeitungszeit,3495
Internationale,3495
Version,3461
Bar,3461
Team,3461
My,3461
Geschwindigkeit,3461
Umsatz,3422
Angebot,3422
Markt,3422
Produkt,3422
Step,3418
See,3418
Information,3418
Meeting,3418
Sicherheit,3379
Generation,3379
Bereich,3379
Kontakt,3379
System,3369
Internationale,3369
Level,3369
Output,3369
System,3368
Note,3368
Task,3368
System,3298
Modul,3298
Maschinenbau,3298
Fach,3298
Bearbeitungszeit,3298
Titel,3164
Material,3164
Basis,3164
Abbildung,3164
Produkt,3148
Werbung,3148
Kapitel,3148
Klausur,3148
Sicherheit,3075
Schutz,3075
Labor,3075
Produktion,3075
Bild,3075
Internationale,3064
Portfolio,3064
Administration,3064
Student,3064
Business,3064
System,3006
Formen,3006
Problem,3006
Beispiel,3006
Betragen,3003
Betrag,3003
Preis,3003
Jahr,3003
Generation,3001
Produkt,3001
Laut,3001
Alter,3001
Rechte,2894
Fallen,2894
Recht,2894
F«œllen,2894
Arten,2894
Generation,2882
Produkt,2882
Laut,2882
Alter,2882
Statistik,2873
Werten,2873
Klausur,2873
Werten,2823
Research,2823
Text,2810
Version,2810
Einkommen,2810
Maschinenbau,2810
Break,2802
Werbung,2802
Addition,2802
Version,2802
Zahl,2802
Erfolgen,2774
Praxis,2774
Formen,2774
Gut,2774
Seminar,2774
Innovation,2773
Formen,2773
Forschung,2773
Literatur,2773
Ansatz,2773
Bearbeitungszeit,2765
Typ,2749
Dokument,2749
Bereich,2749
Vertrauen,2749
Analysieren,2749
Gestaltung,2739
Kraft,2739
Bereich,2739
Druck,2739
Beispiel,2739
Internationale,2664
Portfolio,2664
Generation,2610
Produkt,2610
Laut,2610
Alter,2610
Rechte,2579
Recht,2579
Internationale,2579
Kurze,2579
Protokoll,2579
Druck,2564
Temperatur,2564
Geschwindigkeit,2564
Modul,2564
Kraft,2564
Capacity,2555
Internationale,2555
Step,2474
See,2474
Information,2474
Meeting,2474
Internationale,2464
Portfolio,2464
Administration,2464
Student,2464
Business,2464
Internationale,2406
Portfolio,2406
Administration,2406
Student,2406
Business,2406
Seminar,2346
Offene,2346
Erfolgen,2346
Internationale,2346
Aufgabenstellung,2346
Thema,2341
Weiterentwicklung,2341
Administration,2341
Internationale,2341
Land,2328
Ort,2328
Organisation,2328
Kontakt,2328
Telefon,2328
Organisation,2278
Modul,2278
Teilen,2278
Proze«?,2278
Prozess,2278
Seminar,2255
Fazit,2255
Ansatz,2255
Bilanz,2255
Bewertung,2255
Konzept,2221
Digitale,2221
Werbung,2221
Fazit,2221
Internationale,2143
Portfolio,2143
Element,2125
System,2125
Punkten,2125
Sicherheit,2082
Generation,2082
Bereich,2082
Kontakt,2082
Thema,2053
Weiterentwicklung,2053
Administration,2053
Internationale,2053
Thema,1886
Weiterentwicklung,1886
Administration,1886
Internationale,1886
Modul,1876
Maschinenbau,1876
Druck,1876
Werten,1841
Fallen,1841
F«œllen,1841
Auswertung,1835
Note,1834
Formen,1834
Gas,1834
Not,1834
Suche,1834
Monat,1816
Teilen,1816
Internationale,1816
Teil,1816
Statistik,1808
Fallen,1808
Thema,1792
Weiterentwicklung,1792
Administration,1792
Internationale,1792
Internationale,1723
My,1723
Team,1723
Support,1723
Information,1723
Internationale,1713
Portfolio,1713
Administration,1713
Student,1713
Business,1713
Direkte,1712
Deckungsbeitrag,1712
Internationale,1672
Portfolio,1672
Administration,1672
Student,1672
Business,1672
Antworten,1632
Maximale,1632
Hinweis,1632
Antwort,1632
Bearbeitungszeit,1632
Note,1570
Internationale,1570
Suche,1570
Risiko,1557
Werten,1557
Ermittlung,1557
Teilen,1557
Direkte,1557
Modul,1552
Strom,1552
Grund,1552
Gr«¨nden,1552
Richtige,1552
Projekt,1483
L«œnge,1483
Konzept,1483
Institut,1483
Richtige,1433
Technologie,1433
Meeting,1433
Gemeinkosten,1433
Maximale,1433
Projekt,1415
Formen,1415
System,1415
Option,1415
System,1397
Material,1397
Team,1397
Speed,1394
Vertrauen,1394
Dokument,1394
Analysieren,1394
System,1394
Speed,1363
Vertrauen,1363
Dokument,1363
Analysieren,1363
System,1363
Marketing,1355
Internationale,1355
Brand,1355
Note,1355
Speed,1265
Vertrauen,1265
Dokument,1265
Analysieren,1265
System,1265
Bereich,1034
Erstellung,1034
Profil,1034
Transformation,988
Logistik,985
Land,985
Monat,985
Internationale,985
Rechte,949
Fallen,949
Recht,949
F«œllen,949
Arten,949
Thema,918
Weiterentwicklung,918
Administration,918
Internationale,918
Output,914
Geschwindigkeit,914
Programmierung,914
Beispiel,914
Projekt,907
Plan,907
Abschluss,907
Werten,495
Planung,495
Entsprechende,495
Research,495
Monat,463
Funktion,463
Preis,463
Datei,463
Werten,463
Rechte,110
Fallen,110
Recht,110
F«œllen,110
Arten,110
Meeting,109
Technologie,109
Gemeinkosten,109
Studiengang,109
Ermittlung,109
Student,108
Note,108
System,108
System,105
Projekt,105
Material,105
Bereich,104
Kommunikation,104
Titel,103
Material,103
Modell,103
Basis,103
Portfolio,101
Administration,101
Internationale,101
Internationale,100
Portfolio,100
Portfolio,99
Administration,99
Internationale,99
Thema,98
Portfolio,98
Weiterentwicklung,98
Administration,98
Level,97
Mail,97
Thema,97
Internationale,97
Professor,97
Seminar,95
Fazit,95
Aufmerksamkeit,95
Gliederung,95
Note,94
Formen,94
Gas,94
Internationale,93
Portfolio,92
Administration,92
Internationale,92
Internationale,91
Note,91
Task,91
My,91
Bearbeitungszeit,90
Team,89
Labor,89
Projekt,89
Zusammenhang,88
Werten,88
Test,88
Verteilung,88
Dank,88
Video,87
Offene,87
Labor,87
Start,87
Produkt,86
Rechte,86
Recht,86
Arten,86
Handeln,85
Erfolgen,85
Praxis,85
Formen,85
Gut,85
Werten,84
Protokoll,84
Medium,84
Link,84
Hinweis,84
Umsatz,83
Prozent,83
Gut,83
Modul,82
Maschinenbau,82
Maximale,82
Bearbeitungszeit,82
Auswertung,82
System,80
Formen,80
Problem,80
Beispiel,80
Erfolgen,79
Praxis,79
Formen,79
Gut,79
Seminar,79
Veranstaltung,78
Kompetenz,78
Deutsch,78
Relevanz,78
Team,78
Bereich,77
Team,77
Abteilung,77
Innovation,74
Formen,74
Forschung,74
Literatur,74
Ansatz,74
Note,73
Manager,73
Thema,73
Suche,73
Suchen,73
Vorstellung,70
Test,70
Klausur,70
System,70
Formen,70
Rechte,67
Recht,67
Arten,67
Produkt,67
Fallen,67
Umgang,66
Feedback,66
Handbuch,66
Zusammenarbeit,66
Ziel,66
Labor,65
Produktion,65
Sicherheit,65
Schutz,65
Anwendung,65
Speed,64
Vertrauen,64
Dokument,64
Analysieren,64
System,64
Matrix,63
Methode,63
Verlag,63
Ende,62
Bild,62
Bilden,62
Datei,62
Planung,61
Vergleichen,61
Jahr,61
Umsatz,61
Maschinenbau,58
Firma,58
Erfolgen,57
Erfolg,57
Engagement,57
Hintergrund,57
Logistik,57
Test,56
My,56
Note,56
Marke,56
Monat,55
Teilen,55
Internationale,55
Teil,55
Vergleichen,53
Umsatz,53
Agenda,53
Diskussion,53
Struktur,53
Maschinenbau,52
Auswertung,52
Messung,52
Modul,52
Hinweis,52
Punkten,51
Studiengang,51
Bearbeitungszeit,51
Hilfsmittel,51
Punkt,51
Internationale,49
Modul,47
Maschinenbau,47
Strom,47
Grund,47
Modul,45
Maschinenbau,45
Auswertung,45
Sicht,44
Raum,44
System,44
Internet,44
Thema,44
Bild,41
Bilden,41
Laut,41
Gut,41
Herstellung,40
Auswertung,40
Land,38
Ort,38
Organisation,38
Kontakt,38
Telefon,38
Ziel,34
Entwickeln,34
Bildung,34
Fazit,34
Internationale,34
Nikolaus,33
Formen,31
Werten,31
Beispiel,31
Modell,31
Vertrauen,31
Gr«¨nden,29
Verbindung,29
Beschreibung,29
Aufgabenstellung,29
Programmierung,29
Titel,28
Material,28
Basis,28
Abbildung,28
Produktentwicklung,27
Organisation,27
Bearbeitungszeit,27
Internationale,26
Professor,26
Erstellung,26
Forschung,26
Ende,25
Bild,25
Bilden,25
Datei,25
Untersuchung,24
Info,24
Bezeichnung,24
Maschinenbau,24
Faktor,24
Produkt,23
Rechte,23
Recht,23
Arten,23
Dokument,21
Vertrauen,21
Analysieren,21
Jahr,21
Produkt,21
Gr«¨nden,17
Verbindung,17
Beschreibung,17
Aufgabenstellung,17
Programmierung,17
Bereich,16
Seminar,16
Erstellung,16
Dokument,16
Modell,15
Aufgabenstellung,15
Entwickeln,15
Teilen,15
Note,11
Internationale,11
Suche,11
Suchen,11
Not,11
Kurs,7
Umgang,7
Feedback,7
Handbuch,7
Plattform,7
Kredit,0
Personalaufwand,0
Umsatz,0
Instandhaltung,0
